id;app_id;name_scan;technology;iast_agent_type;iast_agent_status;url_scan;app_name;test_optimization_level;number_of_executions;created_at;last_modified
1;creativity phooey ingratiate;boo;lap;annually gee;boo constant;majestic eek towards;medium quizzical lumber;meh arrogantly accidentally;7415;2024-02-27T05:55:51;2024-02-27T00:44:30
2;fitting;how;format skin salty;quietly;where;gosh general;fooey kissingly;afore that;9300;2024-02-27T13:27:14;2024-02-26T18:42:52
3;beyond;below;faithfully;rudely;bold simplistic alongside;because;below what before;ouch rhinoceros;14129;2024-02-26T22:38:53;2024-02-27T11:04:25
4;thoughtfully incinerate;apud kit hourly;meh;eek break ha;mortality gee;measurement merrily pfft;wrathful almost psst;ski;2890;2024-02-27T12:16:15;2024-02-26T23:00:35
5;yuck;klutzy licence;although valiantly planula;ground;zowie;swiftly spike barring;tin rag visit;ah notwithstanding er;17228;2024-02-26T14:39:17;2024-02-27T02:41:54
6;after;embrace;unusual certainly;holler;cent come;hash jam-packed;notwithstanding;um;27826;2024-02-26T14:32:42;2024-02-27T12:31:29
7;aw known;apropos;than cultured;brave afore tell;organic;midst;sans jagged before;revolving deconsecrate;28621;2024-02-27T09:16:30;2024-02-27T04:58:57
8;save;republic with;worrisome;equally paste till;across;plummet;into tense;helpfully helicopter;9356;2024-02-26T14:16:17;2024-02-27T05:48:12
9;adventurous;fooey faithfully fully;continually elf;feline;unacceptable gently bourgeoisie;that;separately;starry notwithstanding as;11994;2024-02-27T00:47:39;2024-02-27T13:00:21
10;drat;lest recklessly recharge;whoever whoever classic;tensely;towards;hand by;highly shoddy;amidst psychoanalyse;29512;2024-02-27T08:13:03;2024-02-27T04:27:55
